repo,month,health_file_commit_count
react-router,2016-05,0
react-router,2016-06,5
react-router,2016-07,5
react-router,2016-08,4
react-router,2016-09,19
react-router,2016-10,3
react-router,2016-11,0
react-router,2016-12,0
react-router,2017-01,4
react-router,2017-02,5
react-router,2017-03,11
react-router,2017-04,4
react-router,2017-05,2
react-router,2017-06,1
react-router,2017-07,2
react-router,2017-08,0
react-router,2017-09,0
react-router,2017-10,1
react-router,2017-11,0
react-router,2017-12,1
react-router,2018-01,3
react-router,2018-02,1
react-router,2018-03,1
react-router,2018-04,1
react-router,2018-05,0
react-router,2018-06,0
react-router,2018-07,0
react-router,2018-08,1
react-router,2018-09,0
react-router,2018-10,1
react-router,2018-11,2
react-router,2018-12,0
react-router,2019-01,0
react-router,2019-02,0
react-router,2019-03,2
react-router,2019-04,0
react-router,2019-05,0
react-router,2019-06,4
react-router,2019-07,1
react-router,2019-08,1
react-router,2019-09,2
react-router,2019-10,3
react-router,2019-11,0
react-router,2019-12,0
react-router,2020-01,2
react-router,2020-02,0
react-router,2020-03,1
react-router,2020-04,0
react-router,2020-05,0
react-router,2020-06,1
react-router,2020-07,0
react-router,2020-08,1
react-router,2020-09,0
react-router,2020-10,0
react-router,2020-11,0
react-router,2020-12,0
react-router,2021-01,0
react-router,2021-02,0
react-router,2021-03,0
react-router,2021-04,0
react-router,2021-05,0
react-router,2021-06,1
react-router,2021-07,1
react-router,2021-08,0
react-router,2021-09,2
react-router,2021-10,11
react-router,2021-11,15
react-router,2021-12,24
react-router,2022-01,9
react-router,2022-02,19
react-router,2022-03,8
react-router,2022-04,8
react-router,2022-05,19
react-router,2022-06,23
react-router,2022-07,7
react-router,2022-08,6
react-router,2022-09,39
react-router,2022-10,21
react-router,2022-11,20
react-router,2022-12,11
react-router,2023-01,21
react-router,2023-02,23
react-router,2023-03,20
react-router,2023-04,13
react-router,2023-05,7
react-router,2023-06,7
react-router,2023-07,13
react-router,2023-08,5
react-router,2023-09,4
react-router,2023-10,8
react-router,2023-11,15
react-router,2023-12,11
react-router,2024-01,12
react-router,2024-02,11
react-router,2024-03,7
react-router,2024-04,12
react-router,2024-05,17
react-router,2024-06,18
react-router,2024-07,5
react-router,2024-08,8
react-router,2024-09,5
react-router,2024-10,19
react-router,2024-11,28
react-router,2024-12,39
react-router,2025-01,23
react-router,2025-02,41
react-router,2025-03,26
react-router,2025-04,27
react-router,2025-05,28
react-router,2025-06,30
react-router,2025-07,40
react-router,2025-08,25
react-router,2025-09,20
react-router,2025-10,12
react-router,2025-11,23
react-router,2025-12,20
react-router,2026-01,15
react-router,2026-02,11
react-router,2026-03,12
react-router,2026-04,20
react-router,2026-05,25
