repo,commit_sha,commit_date,health_file
gitignore,b0202f339f212ae1e919820a852cb31bb8394289,2026-04-23,README.md
gitignore,994727666239e673d486a4f3a4579be6d445918b,2026-04-17,.github/PULL_REQUEST_TEMPLATE.md
gitignore,d4753897ec42ceefd2da940b7fe192ebf7987406,2026-04-17,.github/PULL_REQUEST_TEMPLATE.md
gitignore,a76c0e6d8e9eac80d1fe553d9c18eb710617345e,2026-04-17,CONTRIBUTING.md
gitignore,a76c0e6d8e9eac80d1fe553d9c18eb710617345e,2026-04-17,README.md
gitignore,d0c2ec65c242f236081e8e69fa2e45d7d6b5049f,2026-04-17,.github/PULL_REQUEST_TEMPLATE.md
gitignore,d0c2ec65c242f236081e8e69fa2e45d7d6b5049f,2026-04-17,CONTRIBUTING.md
gitignore,d0c2ec65c242f236081e8e69fa2e45d7d6b5049f,2026-04-17,README.md
gitignore,c831d190f681b00080d12bfe4982a3bceac5ddf7,2025-04-21,README.md
gitignore,54548843e3f5831a86721a403de1da59ed053cb7,2025-03-03,.github/PULL_REQUEST_TEMPLATE.md
gitignore,d7348802cb6748ca528f1260a738862b57024213,2025-02-25,.github/PULL_REQUEST_TEMPLATE.md
gitignore,e3e4933fa5594ebd69307ef573d882a077e2ddac,2024-09-27,README.md
gitignore,c338343e3952b56b82d926625fdb4d92878d9359,2022-09-10,README.md
gitignore,d1d0806206cf747e6d1633b0052088b385b8f4d4,2021-12-06,README.md
gitignore,707bb8fdfbc7cffeb2bedc7de3887b9c70734324,2021-12-03,.github/PULL_REQUEST_TEMPLATE.md
gitignore,11a3752c20b770a06e9f26028f22908237022dcf,2021-10-12,README.md
gitignore,87aaa50bcb7d5b8117fbe91b118e136759256e18,2021-07-01,README.md
gitignore,c851a10cab28082fcfbe5cecce52c4b5edca1d7c,2020-03-12,README.md
gitignore,8918d73afec1d26351f2e522fa6a68e13abeaf98,2020-03-11,README.md
gitignore,9c477781eba9d571c11c002fdec00d2943e7400d,2018-11-22,README.md
gitignore,eda6ba515be0ec77f462953d125cc197724d639e,2018-10-28,README.md
gitignore,3641b16bef48964f4613f9f9b2f073027a890aa2,2018-10-28,README.md
gitignore,ded1daba15e8a62c4abf6f915c1ea46b4fff1d3f,2018-10-28,README.md
gitignore,1abbddba2100fdf50ac742d0b2875d6be3018a86,2018-10-28,README.md
gitignore,1980e4f1ea31f79378eb4c955675ffb1be9c6da6,2018-10-28,README.md
gitignore,37ec8ba529097314ea1707b36317c6f71fc98dea,2018-10-28,README.md
gitignore,372d6fd79b62d0d0bc66116672523a7c8849933f,2018-10-07,README.md
gitignore,a47c27d3517b7faa04e5332a37c869b2c857127b,2018-06-05,.github/PULL_REQUEST_TEMPLATE.md
gitignore,a47c27d3517b7faa04e5332a37c869b2c857127b,2018-06-05,CONTRIBUTING.md
gitignore,1f6879c2eee1e0c9ef695aa1744dc3396ab3d4e0,2018-04-05,README.md
gitignore,c4fb255a8d1415c0c3cd795d1125c8ff2d2a9b82,2017-10-15,README.md
gitignore,a1c526681bcb84c894288a827580568184f0e42e,2016-10-28,LICENSE
